Term,F,Df,Df.res,Pr(>F),DependentName,IVs
stage2,47.5019358400118,2,18588.0000000142,2.64674619549543e-21,rank,stage2
score_mode,2.483947945179e-51,2,18587.999999995,1,rank,score_mode
use_diff,87.6479769365514,1,18589.00000001,8.68914153817748e-21,rank,use_diff
use_stopword,7.3044369496941,1,18589.00000001,0.00688470182242132,rank,use_stopword
adddel,57.8396081704407,3,18587.0000000032,3.29420108058122e-37,rank,adddel
