Term,F,Df,Df.res,Pr(>F),DependentName,IVs
stage2,110.24769138679,2,18587.999999995,2.52227190322071e-48,num_iters,stage2
score_mode,24.9179843769811,2,18587.999999995,1.55861195280522e-11,num_iters,score_mode
use_diff,69.8660124752727,1,18589.00000001,6.78946589782507e-17,num_iters,use_diff
use_stopword,24.0359184998493,1,18588.9999999845,9.5352758971059e-07,num_iters,use_stopword
adddel,14.2388789967436,3,18587.0000000032,2.89355033273699e-09,num_iters,adddel
