"contrast","estimate","SE","df","z.ratio","p.value","p.value.adjusted","Winner","Loser"
"False - skip",-4735.27662545788,184.102400798114,Inf,-25.7208847083453,0,0,"False","skip"
"False - True",2187.71481227106,184.102400798114,Inf,11.8831411366009,0,0,"False","True"
"skip - True",6922.99143772894,184.102400798114,Inf,37.6040258449462,0,0,"skip","True"
