"contrast","estimate","SE","df","z.ratio","p.value","p.value.adjusted","Winner","Loser"
"both - rank",-12235.2406822344,184.561297666239,Inf,-66.293642475145,0,0,"both","rank"
"both - score",890.058676739927,184.561297666239,Inf,4.8225640369603,4.23489126033516e-06,1.27046737810055e-05,"both","score"
"rank - score",13125.2993589744,184.561297666239,Inf,71.1162065121053,0,0,"rank","score"
