"contrast","estimate","SE","df","z.ratio","p.value","p.value.adjusted","Winner","Loser"
"False - skip",-4547.16800213675,117.653405316752,Inf,-38.6488430988858,0,0,"False","skip"
"False - True",2282.86312576313,117.653405316752,Inf,19.4032898547824,0,0,"False","True"
"skip - True",6830.03112789988,117.653405316752,Inf,58.0521329536682,0,0,"skip","True"
