"contrast","estimate","SE","df","z.ratio","p.value","p.value.adjusted","Winner","Loser"
"both - rank",-7971.70231227106,117.01543608184,Inf,-68.1252198786465,0,0,"both","rank"
"both - score",-5189.40902014652,117.01543608184,Inf,-44.3480723048972,0,0,"both","score"
"rank - score",2782.29329212454,117.01543608184,Inf,23.7771475737493,0,0,"rank","score"
