"contrast","estimate","SE","df","z.ratio","p.value","p.value.adjusted","Winner","Loser"
"add - (all-sep)",129.803021978022,135.432461870131,Inf,0.958433599933323,0.773054353421625,1,"add","(all-sep)"
"add - (all-uni)",-99.5331908831909,135.432461870131,Inf,-0.734928609498625,0.883052653733376,1,"add","(all-uni)"
"add - del",782.230535205535,135.432461870131,Inf,5.77579794684404,4.58956778137676e-08,2.75374066882605e-07,"add","del"
"(all-sep) - (all-uni)",-229.336212861213,135.432461870131,Inf,-1.69336220943195,0.327123744083594,1,"(all-sep)","(all-uni)"
"(all-sep) - del",652.427513227513,135.432461870131,Inf,4.81736434691072,8.65920177683943e-06,5.19552106610366e-05,"(all-sep)","del"
"(all-uni) - del",881.763726088726,135.432461870131,Inf,6.51072655634267,4.48645454120822e-10,2.69187272472493e-09,"(all-uni)","del"
