"contrast","estimate","SE","df","z.ratio","p.value","p.value.adjusted","Winner","Loser"
"add - (all-sep)",1713.39065934066,212.454837436834,Inf,8.06472886196379,5.56221735337203e-14,3.33733041202322e-13,"add","(all-sep)"
"add - (all-uni)",-442.460409035409,212.454837436834,Inf,-2.08260924709214,0.158744570681488,0.952467424088926,"add","(all-uni)"
"add - del",3287.99461741962,212.454837436834,Inf,15.4762050000259,0,0,"add","del"
"(all-sep) - (all-uni)",-2155.85106837607,212.454837436834,Inf,-10.1473381090559,3.84137166520304e-14,2.30482299912182e-13,"(all-sep)","(all-uni)"
"(all-sep) - del",1574.60395807896,212.454837436834,Inf,7.41147613806211,7.76045894212984e-13,4.65627536527791e-12,"(all-sep)","del"
"(all-uni) - del",3730.45502645503,212.454837436834,Inf,17.558814247118,0,0,"(all-uni)","del"
