Term,F,Df,Df.res,Pr(>F),DependentName,IVs
use_stopword,1.13988482963144,1,18584.9999999851,0.285690532769331,num_iters,use_stopword + stage2
stage2,109.594090294568,2,18584.9999999979,4.81253506548711e-48,num_iters,use_stopword + stage2
use_stopword:stage2,0.0285512685788904,2,18584.9999999979,0.971852510001269,num_iters,use_stopword + stage2
use_stopword,24.0359184998493,1,18588.9999999845,9.5352758971059e-07,num_iters,use_stopword
stage2,110.24769138679,2,18587.999999995,2.52227190322071e-48,num_iters,stage2
