Term,F,Df,Df.res,Pr(>F),DependentName,IVs
use_stopword,0.0627582208971115,1,18584.9999999851,0.802191172107793,rank,use_stopword + stage2
stage2,26.1004389257674,2,18584.9999999979,4.79305829905806e-12,rank,use_stopword + stage2
use_stopword:stage2,0.446399930415871,2,18584.9999999787,0.639934655568276,rank,use_stopword + stage2
use_stopword,7.3044369496941,1,18589.00000001,0.00688470182242132,rank,use_stopword
stage2,47.5019358400118,2,18588.0000000142,2.64674619549543e-21,rank,stage2
